Primer name;Forward primer sequence;Primer name;Reverse primer sequence;Product length (bp);Target variant (scaffold:coordinate);Result (negative results were removed from all analyses and not reported in Table S3)
01SW_6_F;CCATTCTGCACCGTAACCTT;01SW_6_R;TTCTTGGGGTTTTGTTCCTG;228;linked_contig_7_pilon_tf:373855;verified
01W_7A_F;CTGGAAGAAGCCTGAAGGTG;01W_7A_R;CGATCATTCATTTCGCCTTT;1059;linked_contig_15_pilon:2893502;undetermined
01W_7B_F;CGATTTTGTGGGAGAGGAAA;01W_7B_R;CAATTCAGTCCCCATCGTTC;232;linked_contig_15_pilon:2893502;undetermined
01S_9_F;GGATCTTTGCATCGAAGGAG;01S_9_R;AGAAGTGGGAAACGGTGTTG;199;linked_contig_4_pilon:1389193;negative
01SW_12_F;TCACTGGAGGTTGACGTGAG;01SW_12_R;TTTGAATTTCCAGGCTGAGG;349;linked_contig_1_pilon:160081;verified
01S_12_F;ATCCAAAGCAGTCAGGTGGT;01S_12_R;TCTGACTCGGATCCGTTCTT;383;linked_contig_1_pilon:385961;verified
01N_26_F;AACGGGAGAAAACTGGGACT;01N_26_R;GGCCATGACGAAGAACACTT;201;linked_contig_3_pilon:368403;verified
01_32_F;GGATGGGAACACGAATCAGT;01_32_R;TCAAACTTCGGAGGACCAAC;312;linked_contig_3_pilon:2221038;undetermined
01E_S_32_F;AATGATCTTGGTCGCCAGAC;01E_S_32_R;CCTGTAACTGATCGCCGAAT;486;linked_contig_3_pilon:1467762;verified
01NE_33_F;GTGTGCCAAGTTCCCTCAAT;01NE_33_R;ACCCAAACTGCGAATAGACG;216;linked_contig_8_pilon:537039;verified
01SW_40_F;GTCGGTCGAGTGGGTCAC;01SW_40_R;GGGATCTTCCCCTAAAATGG;212;linked_contig_2_pilon:1601294;verified
01W_55_F;GCCTTCCTCTCTTCCTTTGC;01W_55_R;GGCGAACGATATTAGCCGTA;458;tig00000091_pilon:395990;verified
01E_63_F;AGCTTCATTCCTCCCAAACA;01E_63_R;GACCGCCTAGAATCTCATCG;470;tig00000566_1_pilon:178535;verified
01E_S_126_F;GTCTAGTCTGGGCGTTTGGA;01E_S_126_R;CTTGAGTTTTGGCTTGCACA;477;linked_contig_1_pilon:4559954;verified
01S_156_F;TGTGCAGCTTCTGCTTAACG;01S_156_R;TCATGAGCTGAGAAGGCTGA;385;linked_contig_6_pilon:1877897;verified
01NE_156_F;CTTGACTGGCACCCATTCTT;01NE_156_R;GCGTTCCTCCGATAGTGTTT;229;linked_contig_6_pilon:1240526;undetermined
01NW_156_F;ATCTTCATTCTCCGCTGCAT;01NW_156_R;CGACCGTGTTCACAATGTTC;395;linked_contig_6_pilon:2135264;verified
01N_156_F;TGATGGTAGGCTCATGGTCA;01N_156_R;CTCGAGAGACTCGCAGGAAT;225;linked_contig_6_pilon:1194829;negative
01S_157_F;CATCGACCATCAACATCTCG;01S_157_R;GGGGAAGTCGACAGTTCTCA;595;linked_contig_5_pilon:405527;negative
05N_0_F;GCAGTCCACAGATGGTGATA;05N_0_R;CCTCTAGGTTTCGACGTTTC;353;linked_contig_3_pilon:1355460;undetermined
05NE_NW_2_F;AATAACAAGATGCCGTCGAT;05NE_NW_2_R;AGCAGTGAGTTGCTTGTGAA;225;linked_contig_4_pilon:2303511;verified
05S_12_F;GGGATATCTGACAATGCACA;05S_12_R;CAAGGTCTTTCTGGCTCTTC;399;linked_contig_1_pilon:395892;verified
05S_SW_33_F;CCCATCCCTGTAAGTGTCGT;05S_SW_33_R;AATTTGGGGTCCTTCTGTCC;303;linked_contig_8_pilon:561844;undetermined
05W_46_F;GAGATGAGCTGTGGTCGTCA;05W_46_R;AGCCCATACATCCATGATCC;331;linked_contig_18_pilon:398950;negative
05SE_46_F;AATTCGCATCTCAGGTTTGG;05SE_46_R;CGCATTACCCTCATCCATTC;298;linked_contig_18_pilon:592687;verified
05NW_70_F;AAAGCGGAAGATGATAATGG;05NW_70_R;AAAGCCTTGTATGGAACAGG;209;linked_contig_4_pilon:2002946;verified
05SW_149_F;TTTCCCATCTGGACGTTACC;05SW_149_R;GACTCTGTGCCGAACAACAA;362;linked_contig_1_pilon:3753787;verified
05NE_156_F;CACGATCTGCAACGCTAAGA;05NE_156_R;CTCCGATGTGATCTTGTCCA;191;linked_contig_6_pilon:1628392;verified
05N_157_F;GTCAAAATACAGCGTGGTGA;05N_157_R;GAAGGTGCGTCGTTTTACTT;248;linked_contig_5_pilon:406757;verified
05W_162_F;CTCGGGAGCTACCTTGCTTA;05W_162_R;TGCCACCACTGAGATACTGG;334;linked_contig_1_pilon:2095176;negative
05NW_205A_F;GAGAACCAACTGCAACCAAC;05NW_205A_R;TACGGTTTGAAAGAGCCAAG;475;linked_contig_6_pilon:314231;verified
05NW_205B_F;CAAATCTGTGGCGTGTATCG;05NW_205B_R;ACGAGATATTCAGCCGTCGT;197;linked_contig_6_pilon:314231;verified
06_4_F;GATGCTGACCAAGACTTTCG;06_4_R;GTCTACCCCGTCGATTGTAG;335;linked_contig_6_pilon:3063746;verified
06SE_7_F;TTTCGTAGCGATCACGTTTG;06SE_7_R;CCACCGATCCAGTGAAGAAT;273;linked_contig_15_pilon:2980641;verified
06SE_13_F;GATGCGGTTATGGTGTAGCC;06SE_13_R;AGTCTCGTAATGCCCGAAGA;456;linked_contig_15_pilon:1127743;verified
06N_42_F;ATGAGAGACAGGGAACCTCA;06N_42_R;CTGAATCCGCCTGAATTACT;221;linked_contig_9_pilon:1018737;verified
06N_42B_F;CCACAACAACCAGCACAAAC;06N_42B_R;GTCCAGAAAGACCGCGAATA;301;linked_contig_9_pilon:1018737;verified
06NE_42A_F;CCTTCTGCTTCGATTTCTGG;06NE_42A_R;TCACTCCTTCGGAAGTTTGG;221;linked_contig_9_pilon:1436957;verified
06NE_42B_F;GCCTCTGGTGATACAATATG;06NE_42B_R;GGAGTGTTCCGCTCAAGTAG;199;linked_contig_9_pilon:1436957;verified
06NE_42C_F;GCCTCTGGTGATACAATGAC;06NE_42C_R;GGAGTGTTCCGCTCAAGTAG;197;linked_contig_9_pilon:1436957;verified
06S_SW_64_F;TTCGGGCTGATTATGATGTT;06S_SW_64_R;GGTCGAGGTACAATTTCACG;355;linked_contig_12_pilon:174748;verified
06SE_68_F;GGGATAGCTGGTTTTGAATG;06SE_68_F;ATGTCCTCAGCCACAAAAAT;180;linked_contig_9_pilon:4880291;verified
06S_SW_108_F;TACTTGAGTCGGGGTCTCAG;06S_SW_108_R;CAAGATGAATGTTGCAAACG;676;linked_contig_1_pilon:1030353;verified
06S_SW_110_F;CCCTAGTAACCTTCCCTCCA;06S_SW_110_R;ATAACGCGTATGCCAGAAAC;370;linked_contig_13_pilon:66114;verified
